,id,наим,,,,Количество,Дата и время продажи,
,92,English Grammar in Use. Book with Answers,Advanced Grammar in Use. Book without Answers,4,,1,13.10.2019,
,74,Ship or Sheep? An intermediate pronunciation course,Business Vocabulary in Use. Advanced. Book with Answers,23,,1,11.3.2019,
,90,Английская грамматика. Самое важное. Учебное пособие (мини),Business Vocabulary in Use. Advanced. Book with Answers and Enhanced ebook,59,,1,10.8.2019,
,89,English Grammar in Use. Book without Answers,Business Vocabulary in Use. Intermediate. Book with Answers and Enhanced ebook,43,,1,22.5.2019,
,46,Grammar in Use. Intermediate. Student's Book with Answers and Interactive eBook,Cracking GMAT Premium 2020 Edition. 6 Practice Tests,7,,2,09.2.2019,
,93,Английский для малышей и мам @my_english_baby. Как воспитать билингвального ребенка,"Cracking the GRE Premium Edition with 6 Practice Tests, 2020",77,,2,13.7.2019,
,20,Eyes Open Level 1 Student's Book,Dive in! Blue,17,,1,26.5.2019,
,92,English Grammar in Use. Book with Answers,Dive in! Green,63,,1,28.3.2019,
,37,Grammar in Use. Intermediate. Student's Book without Answers,Dive in! Orange,35,,2,22.10.2019,
,1,Super Minds. Level 4. Workbook with Online Resources,Elementary Vocabulary + Grammar. Foe Beginners and Pre-Intermediate Students. Учебное пособие,87,,2,04.3.2019,
,51,Английские пословицы и поговорки. Учебное пособие,English for Beginners: Everyday English,56,,1,17.9.2019,
,28,Реальный English. Как подружиться с грамматикой раз и навсегда,English for Everyone. English Idioms,40,,2,16.4.2019,
,24,Разговорный английский в диалогах. Учебное пособие,English for Everyone. English Vocabulary Builder,6,,1,10.5.2019,
,37,Grammar in Use. Intermediate. Student's Book without Answers,English Grammar in Use. Book with Answers,92,,2,13.4.2019,
,21,Английский язык. Популярный иллюстрированный самоучитель,English Grammar in Use. Book without Answers,89,,1,31.1.2019,
,23,Business Vocabulary in Use. Advanced. Book with Answers,English Grammar Today Book with Workbook,64,,3,29.3.2019,
,45,Exam Booster For Advanced Without Ans Key + Audio,English Vocabulary in Use. Advanced. Book with Answers,29,,1,18.8.2019,
,44,Безупречная английская грамматика. Простые правила и увлекательные тесты,English Vocabulary in Use. Elementary. Book with Answers and Enhanced eBook,72,,2,19.5.2019,
,54,Английский курсив: прописи,English Vocabulary in Use. Upper-Intermediate. Book with Answers,84,,2,30.3.2019,
,95,Английский язык на пальцах,Everyday Vocabulary + Grammar. For Intermediate Students. Учебное пособие,39,,1,02.6.2019,
,20,Eyes Open Level 1 Student's Book,Evolve. Level 1. Student's Book,27,,3,05.7.2019,
,26,Pocket English Grammar (Карманная грамматика английского языка). Справочное пособие,Exam Booster For Advanced Without Ans Key + Audio,45,,2,29.8.2019,
,38,Современная английская грамматика в таблицах,Eyes Open Level 1 Student's Book,20,,3,06.3.2019,
,91,Grammar in Use Intermediate Student's Book with Answers Self-study Reference and Practice,Eyes Open. Level 3. Student's Book,3,,3,03.4.2019,
,69,Английский язык. Идиомы (полезные карточки),Eyes Open. Level 3. Workbook with Online Practice,75,,2,21.2.2019,
,76,New Enterprise A2 - Grammar Book (with Digibooks App),Grammar in Use Intermediate Student's Book with Answers Self-study Reference and Practice,91,,1,03.9.2019,
,70,Английский язык. Все времена и глаголы в схемах и таблицах,Grammar in Use. Intermediate. Student's Book with Answers and Interactive eBook,46,,2,26.9.2019,
,69,Английский язык. Идиомы (полезные карточки),Grammar in Use. Intermediate. Student's Book without Answers,37,,3,21.9.2019,
,15,Super Minds. Workbook 1 with Online Resources,Grammarway 1. Book with Answers. Beginner,22,,1,04.1.2019,
,53,Английский язык. Времена глаголов,Grammarway 2. Teacher's Book. Elementary,10,,2,07.12.2019,
,58,New Enterprise A2 Student's Book with DigiBooks App,Legal English. Английский язык для юристов. Учебник,33,,2,20.6.2019,
,35,Dive in! Orange,New Enterprise A2 - Grammar Book (with Digibooks App),76,,1,27.2.2019,
,82,Prepare. Level 3. A2. Student's Book,New Enterprise A2 Student's Book with DigiBooks App,58,,3,02.3.2019,
,59,Business Vocabulary in Use. Advanced. Book with Answers and Enhanced ebook,New Enterprise A2. Workbook with digibook app,19,,1,10.7.2019,
,65,Разговорная грамматика английского языка,OK English! Все правила английского языка с упражнениями,34,,3,01.11.2019,
,35,Dive in! Orange,Pocket English Grammar (Карманная грамматика английского языка). Справочное пособие,26,,2,26.8.2019,
,73,Каллиграфия. Английский курсив. Самоучитель,Prepare. Level 2. A2. Workbook with Audio Download,96,,3,06.8.2019,
,25,Английский без барьеров. For beginners,Prepare. Level 2. Student's Book,60,,2,23.11.2019,
,58,New Enterprise A2 Student's Book with DigiBooks App,Prepare. Level 3. A2. Student's Book,82,,1,15.10.2019,
,20,Eyes Open Level 1 Student's Book,Prepare. Level 4. B1. Student's Book,68,,3,02.3.2019,
,99,Безупречный английский. Самоучитель для начинающих,Prepare. Level 5. B1. Student's Book,78,,3,10.2.2019,
,97,Учебник английского языка. Часть 1,Prism Reading. Intro. Student's Book,12,,1,29.11.2019,
,17,Dive in! Blue,Professional English for PR Students: People and Society,85,,1,23.7.2019,
,25,Английский без барьеров. For beginners,Ship or Sheep? An intermediate pronunciation course,74,,2,08.12.2019,
,97,Учебник английского языка. Часть 1,Super Minds. Level 3. Workbook with Online Resources,52,,1,09.4.2019,
,86,Английский язык. Идиомы,Super Minds. Level 4. Workbook with Online Resources,1,,2,22.2.2019,
,76,New Enterprise A2 - Grammar Book (with Digibooks App),Super Minds. Workbook 1 with Online Resources,15,,2,17.8.2019,
,92,English Grammar in Use. Book with Answers,Super Minds. Workbook 2 with Online Resources,2,,3,11.3.2019,
,16,Говори как английская королева. The Queen's English and how to use it,Think. Level 3. B1+. Student's Book,13,,1,19.3.2019,
,31,Деловой английский язык. (Бакалавриат и магистратура). Учебное пособие,Think. Level 3. B1+. Workbook with Online Practice,66,,1,17.10.2019,
,89,English Grammar in Use. Book without Answers,Tree or Three? An elementary pronunciation course,11,,2,26.11.2019,
,18,Вся грамматика английского языка в таблицах. Учебное пособие,Your Space Level 2 Student's Book,61,,3,16.2.2019,
,20,Eyes Open Level 1 Student's Book,Your Space. Level 1. Student's Book,100,,3,31.12.2019,
,2,Super Minds. Workbook 2 with Online Resources,Английская грамматика в схемах и таблицах,47,,1,19.11.2019,
,48,Английский язык. Тренажер по чтению,"Английская грамматика. Просто и понятно: правила, модели, упражнения. Учебное пособие",36,,1,13.9.2019,
,72,English Vocabulary in Use. Elementary. Book with Answers and Enhanced eBook,Английская грамматика. Самое важное. Учебное пособие (мини),90,,2,14.12.2019,
,58,New Enterprise A2 Student's Book with DigiBooks App,Английские пословицы и поговорки. Учебное пособие,51,,1,20.5.2019,
,100,Your Space. Level 1. Student's Book,Английский без барьеров. For beginners,25,,2,26.3.2019,
,57,Курс английской разговорной речи. Учебное пособие,"Английский без страха для тех, кому за...",9,,2,14.9.2019,
,75,Eyes Open. Level 3. Workbook with Online Practice,Английский для малышей и мам @my_english_baby. Как воспитать билингвального ребенка,93,,1,06.9.2019,
,61,Your Space Level 2 Student's Book,Английский курсив: прописи,54,,3,09.5.2019,
,93,Английский для малышей и мам @my_english_baby. Как воспитать билингвального ребенка,Английский на каждый день,5,,2,06.3.2019,
,17,Dive in! Blue,Английский с нуля. Учебное пособие,71,,1,29.3.2019,
,43,Business Vocabulary in Use. Intermediate. Book with Answers and Enhanced ebook,Английский язык для менеджеров. Учебное пособие,79,,2,25.7.2019,
,3,Eyes Open. Level 3. Student's Book,Английский язык для технических специальностей. Учебное пособие,49,,3,13.10.2019,
,75,Eyes Open. Level 3. Workbook with Online Practice,Английский язык за 3 месяца. Быстрый восстановитель знаний,67,,3,06.1.2019,
,2,Super Minds. Workbook 2 with Online Resources,Английский язык на пальцах,95,,1,10.4.2019,
,83,Тренажер по чтению. Самый быстрый способ выучить английский язык,Английский язык. Времена глаголов,53,,1,13.5.2019,
,73,Каллиграфия. Английский курсив. Самоучитель,Английский язык. Все времена и глаголы в схемах и таблицах,70,,1,25.7.2019,
,58,New Enterprise A2 Student's Book with DigiBooks App,Английский язык. Идиомы,86,,2,18.3.2019,
,21,Английский язык. Популярный иллюстрированный самоучитель,Английский язык. Идиомы (полезные карточки),69,,3,05.1.2019,
,17,Dive in! Blue,Английский язык. Популярный иллюстрированный самоучитель,21,,2,25.3.2019,
,6,English for Everyone. English Vocabulary Builder,Английский язык. Самые нужные правила,32,,3,13.8.2019,
,62,Вся английская грамматика в схемах и таблицах,Английский язык. Тренажер по чтению,48,,2,25.3.2019,
,45,Exam Booster For Advanced Without Ans Key + Audio,Английский язык. Фразовые глаголы,55,,2,18.2.2019,
,48,Английский язык. Тренажер по чтению,Безупречная английская грамматика. Простые правила и увлекательные тесты,44,,3,28.2.2019,
,65,Разговорная грамматика английского языка,Безупречный английский. Самоучитель для начинающих,99,,1,28.6.2019,
,23,Business Vocabulary in Use. Advanced. Book with Answers,Быстрый английский для начинающих,81,,3,04.11.2019,
,79,Английский язык для менеджеров. Учебное пособие,Быстрый английский. Тренажер по чтению,30,,2,09.11.2019,
,53,Английский язык. Времена глаголов,Вся английская грамматика в схемах и таблицах,62,,2,17.5.2019,
,74,Ship or Sheep? An intermediate pronunciation course,Вся грамматика английского языка в таблицах. Учебное пособие,18,,2,29.5.2019,
,26,Pocket English Grammar (Карманная грамматика английского языка). Справочное пособие,Вся грамматика английского языка. Теория и практика,41,,1,11.4.2019,
,69,Английский язык. Идиомы (полезные карточки),Говори как английская королева. The Queen's English and how to use it,16,,1,15.4.2019,
,84,English Vocabulary in Use. Upper-Intermediate. Book with Answers,Говорим по-английски,42,,1,04.12.2019,
,60,Prepare. Level 2. Student's Book,Грамматика английского языка. Просто и доступно. Учебное пособие,98,,2,04.2.2019,
,2,Super Minds. Workbook 2 with Online Resources,Грамматический профиль. Grammar Profile. Учебное пособие,94,,3,07.3.2019,
,67,Английский язык за 3 месяца. Быстрый восстановитель знаний,Деловой английский язык. (Бакалавриат и магистратура). Учебное пособие,31,,1,04.3.2019,
,17,Dive in! Blue,"Интенсивный английский 4 в 1: говорим, читаем, пишем, слушаем",50,,1,01.10.2019,
,72,English Vocabulary in Use. Elementary. Book with Answers and Enhanced eBook,Каллиграфия. Английский курсив. Самоучитель,73,,1,23.5.2019,
,95,Английский язык на пальцах,Курс английской разговорной речи. Учебное пособие,57,,1,10.6.2019,
,50,"Интенсивный английский 4 в 1: говорим, читаем, пишем, слушаем",Разговорная грамматика английского языка,65,,2,24.4.2019,
,80,Учебник английского языка. Часть 2,Разговорный английский в диалогах. Учебное пособие,24,,2,09.3.2019,
,93,Английский для малышей и мам @my_english_baby. Как воспитать билингвального ребенка,Реальный English. Как подружиться с грамматикой раз и навсегда,28,,1,09.6.2019,
,37,Grammar in Use. Intermediate. Student's Book without Answers,Самый быстрый способ выучить неправильные английские глаголы,88,,3,09.10.2019,
,84,English Vocabulary in Use. Upper-Intermediate. Book with Answers,Современная английская грамматика в таблицах,38,,3,29.7.2019,
,34,OK English! Все правила английского языка с упражнениями,Тренажер по чтению. Самый быстрый способ выучить английский язык,83,,2,16.12.2019,
,50,"Интенсивный английский 4 в 1: говорим, читаем, пишем, слушаем",Учебник английского языка. Полный курс,8,,2,28.8.2019,
,64,English Grammar Today Book with Workbook,Учебник английского языка. Часть 1,97,,2,01.6.2019,
,37,Grammar in Use. Intermediate. Student's Book without Answers,Учебник английского языка. Часть 2,80,,1,04.2.2019,
,76,New Enterprise A2 - Grammar Book (with Digibooks App),Учим английский язык с енотами-полиглотами,14,,1,13.10.2019,
,,,,,,,,
