		English Grammar in Use. Book with Answers	Super Minds. Level 4. Workbook with Online Resources	1	#VALUE!
		Ship or Sheep? An intermediate pronunciation course	Super Minds. Workbook 2 with Online Resources	2	
		Английская грамматика. Самое важное. Учебное пособие (мини)	Eyes Open. Level 3. Student's Book	3	
		English Grammar in Use. Book without Answers	Advanced Grammar in Use. Book without Answers	4	
		Grammar in Use. Intermediate. Student's Book with Answers and Interactive eBook	Английский на каждый день	5	
		Английский для малышей и мам @my_english_baby. Как воспитать билингвального ребенка	English for Everyone. English Vocabulary Builder	6	
		Eyes Open Level 1 Student's Book	Cracking GMAT Premium 2020 Edition. 6 Practice Tests	7	
		English Grammar in Use. Book with Answers	Учебник английского языка. Полный курс	8	
		Grammar in Use. Intermediate. Student's Book without Answers	Английский без страха для тех, кому за...	9	
		Super Minds. Level 4. Workbook with Online Resources	Grammarway 2. Teacher's Book. Elementary	10	
		Английские пословицы и поговорки. Учебное пособие	Tree or Three? An elementary pronunciation course	11	
		Реальный English. Как подружиться с грамматикой раз и навсегда	Prism Reading. Intro. Student's Book	12	
		Разговорный английский в диалогах. Учебное пособие	Think. Level 3. B1+. Student's Book	13	
		Grammar in Use. Intermediate. Student's Book without Answers	Учим английский язык с енотами-полиглотами	14	
		Английский язык. Популярный иллюстрированный самоучитель	Super Minds. Workbook 1 with Online Resources	15	
		Business Vocabulary in Use. Advanced. Book with Answers	Говори как английская королева. The Queen's English and how to use it	16	
		Exam Booster For Advanced Without Ans Key + Audio	Dive in! Blue	17	
		Безупречная английская грамматика. Простые правила и увлекательные тесты	Вся грамматика английского языка в таблицах. Учебное пособие	18	
		Английский курсив: прописи	New Enterprise A2. Workbook with digibook app	19	
		Английский язык на пальцах	Eyes Open Level 1 Student's Book	20	
		Eyes Open Level 1 Student's Book	Английский язык. Популярный иллюстрированный самоучитель	21	
		Pocket English Grammar (Карманная грамматика английского языка). Справочное пособие	Grammarway 1. Book with Answers. Beginner	22	
		Современная английская грамматика в таблицах	Business Vocabulary in Use. Advanced. Book with Answers	23	
		Grammar in Use Intermediate Student's Book with Answers Self-study Reference and Practice	Разговорный английский в диалогах. Учебное пособие	24	
		Английский язык. Идиомы (полезные карточки)	Английский без барьеров. For beginners	25	
		New Enterprise A2 - Grammar Book (with Digibooks App)	Pocket English Grammar (Карманная грамматика английского языка). Справочное пособие	26	
		Английский язык. Все времена и глаголы в схемах и таблицах	Evolve. Level 1. Student's Book	27	
		Английский язык. Идиомы (полезные карточки)	Реальный English. Как подружиться с грамматикой раз и навсегда	28	
		Super Minds. Workbook 1 with Online Resources	English Vocabulary in Use. Advanced. Book with Answers	29	
		Английский язык. Времена глаголов	Быстрый английский. Тренажер по чтению	30	
		New Enterprise A2 Student's Book with DigiBooks App	Деловой английский язык. (Бакалавриат и магистратура). Учебное пособие	31	
		Dive in! Orange	Английский язык. Самые нужные правила	32	
		Prepare. Level 3. A2. Student's Book	Legal English. Английский язык для юристов. Учебник	33	
		Business Vocabulary in Use. Advanced. Book with Answers and Enhanced ebook	OK English! Все правила английского языка с упражнениями	34	
		Разговорная грамматика английского языка	Dive in! Orange	35	
		Dive in! Orange	Английская грамматика. Просто и понятно: правила, модели, упражнения. Учебное пособие	36	
		Каллиграфия. Английский курсив. Самоучитель	Grammar in Use. Intermediate. Student's Book without Answers	37	
		Английский без барьеров. For beginners	Современная английская грамматика в таблицах	38	
		New Enterprise A2 Student's Book with DigiBooks App	Everyday Vocabulary + Grammar. For Intermediate Students. Учебное пособие	39	
		Eyes Open Level 1 Student's Book	English for Everyone. English Idioms	40	
		Безупречный английский. Самоучитель для начинающих	Вся грамматика английского языка. Теория и практика	41	
		Учебник английского языка. Часть 1	Говорим по-английски	42	
		Dive in! Blue	Business Vocabulary in Use. Intermediate. Book with Answers and Enhanced ebook	43	
		Английский без барьеров. For beginners	Безупречная английская грамматика. Простые правила и увлекательные тесты	44	
		Учебник английского языка. Часть 1	Exam Booster For Advanced Without Ans Key + Audio	45	
		Английский язык. Идиомы	Grammar in Use. Intermediate. Student's Book with Answers and Interactive eBook	46	
		New Enterprise A2 - Grammar Book (with Digibooks App)	Английская грамматика в схемах и таблицах	47	
		English Grammar in Use. Book with Answers	Английский язык. Тренажер по чтению	48	
		Говори как английская королева. The Queen's English and how to use it	Английский язык для технических специальностей. Учебное пособие	49	
		Деловой английский язык. (Бакалавриат и магистратура). Учебное пособие	Интенсивный английский 4 в 1: говорим, читаем, пишем, слушаем	50	
		English Grammar in Use. Book without Answers	Английские пословицы и поговорки. Учебное пособие	51	
		Вся грамматика английского языка в таблицах. Учебное пособие	Super Minds. Level 3. Workbook with Online Resources	52	
		Eyes Open Level 1 Student's Book	Английский язык. Времена глаголов	53	
		Super Minds. Workbook 2 with Online Resources	Английский курсив: прописи	54	
		Английский язык. Тренажер по чтению	Английский язык. Фразовые глаголы	55	
		English Vocabulary in Use. Elementary. Book with Answers and Enhanced eBook	English for Beginners: Everyday English	56	
		New Enterprise A2 Student's Book with DigiBooks App	Курс английской разговорной речи. Учебное пособие	57	
		Your Space. Level 1. Student's Book	New Enterprise A2 Student's Book with DigiBooks App	58	
		Курс английской разговорной речи. Учебное пособие	Business Vocabulary in Use. Advanced. Book with Answers and Enhanced ebook	59	
		Eyes Open. Level 3. Workbook with Online Practice	Prepare. Level 2. Student's Book	60	
		Your Space Level 2 Student's Book	Your Space Level 2 Student's Book	61	
		Английский для малышей и мам @my_english_baby. Как воспитать билингвального ребенка	Вся английская грамматика в схемах и таблицах	62	
		Dive in! Blue	Dive in! Green	63	
		Business Vocabulary in Use. Intermediate. Book with Answers and Enhanced ebook	English Grammar Today Book with Workbook	64	
		Eyes Open. Level 3. Student's Book	Разговорная грамматика английского языка	65	
		Eyes Open. Level 3. Workbook with Online Practice	Think. Level 3. B1+. Workbook with Online Practice	66	
		Super Minds. Workbook 2 with Online Resources	Английский язык за 3 месяца. Быстрый восстановитель знаний	67	
		Тренажер по чтению. Самый быстрый способ выучить английский язык	Prepare. Level 4. B1. Student's Book	68	
		Каллиграфия. Английский курсив. Самоучитель	Английский язык. Идиомы (полезные карточки)	69	
		New Enterprise A2 Student's Book with DigiBooks App	Английский язык. Все времена и глаголы в схемах и таблицах	70	
		Английский язык. Популярный иллюстрированный самоучитель	Английский с нуля. Учебное пособие	71	
		Dive in! Blue	English Vocabulary in Use. Elementary. Book with Answers and Enhanced eBook	72	
		English for Everyone. English Vocabulary Builder	Каллиграфия. Английский курсив. Самоучитель	73	
		Вся английская грамматика в схемах и таблицах	Ship or Sheep? An intermediate pronunciation course	74	
		Exam Booster For Advanced Without Ans Key + Audio	Eyes Open. Level 3. Workbook with Online Practice	75	
		Английский язык. Тренажер по чтению	New Enterprise A2 - Grammar Book (with Digibooks App)	76	
		Разговорная грамматика английского языка	Cracking the GRE Premium Edition with 6 Practice Tests, 2020	77	
		Business Vocabulary in Use. Advanced. Book with Answers	Prepare. Level 5. B1. Student's Book	78	
		Английский язык для менеджеров. Учебное пособие	Английский язык для менеджеров. Учебное пособие	79	
		Английский язык. Времена глаголов	Учебник английского языка. Часть 2	80	
		Ship or Sheep? An intermediate pronunciation course	Быстрый английский для начинающих	81	
		Pocket English Grammar (Карманная грамматика английского языка). Справочное пособие	Prepare. Level 3. A2. Student's Book	82	
		Английский язык. Идиомы (полезные карточки)	Тренажер по чтению. Самый быстрый способ выучить английский язык	83	
		English Vocabulary in Use. Upper-Intermediate. Book with Answers	English Vocabulary in Use. Upper-Intermediate. Book with Answers	84	
		Prepare. Level 2. Student's Book	Professional English for PR Students: People and Society	85	
		Super Minds. Workbook 2 with Online Resources	Английский язык. Идиомы	86	
		Английский язык за 3 месяца. Быстрый восстановитель знаний	Elementary Vocabulary + Grammar. Foe Beginners and Pre-Intermediate Students. Учебное пособие	87	
		Dive in! Blue	Самый быстрый способ выучить неправильные английские глаголы	88	
		English Vocabulary in Use. Elementary. Book with Answers and Enhanced eBook	English Grammar in Use. Book without Answers	89	
		Английский язык на пальцах	Английская грамматика. Самое важное. Учебное пособие (мини)	90	
		Интенсивный английский 4 в 1: говорим, читаем, пишем, слушаем	Grammar in Use Intermediate Student's Book with Answers Self-study Reference and Practice	91	
		Учебник английского языка. Часть 2	English Grammar in Use. Book with Answers	92	
		Английский для малышей и мам @my_english_baby. Как воспитать билингвального ребенка	Английский для малышей и мам @my_english_baby. Как воспитать билингвального ребенка	93	
		Grammar in Use. Intermediate. Student's Book without Answers	Грамматический профиль. Grammar Profile. Учебное пособие	94	
		English Vocabulary in Use. Upper-Intermediate. Book with Answers	Английский язык на пальцах	95	
		OK English! Все правила английского языка с упражнениями	Prepare. Level 2. A2. Workbook with Audio Download	96	
		Интенсивный английский 4 в 1: говорим, читаем, пишем, слушаем	Учебник английского языка. Часть 1	97	
		English Grammar Today Book with Workbook	Грамматика английского языка. Просто и доступно. Учебное пособие	98	
		Grammar in Use. Intermediate. Student's Book without Answers	Безупречный английский. Самоучитель для начинающих	99	
		New Enterprise A2 - Grammar Book (with Digibooks App)	Your Space. Level 1. Student's Book	100	
					
					
