#VALUE!	Наименование товара	#N/A	#VALUE!
Business Vocabulary in Use. Advanced. Book with Answers	Advanced Grammar in Use. Book without Answers	4	23
Business Vocabulary in Use. Advanced. Book with Answers	Business Vocabulary in Use. Advanced. Book with Answers	23	23
Business Vocabulary in Use. Advanced. Book with Answers and Enhanced ebook	Business Vocabulary in Use. Advanced. Book with Answers and Enhanced ebook	59	59
Business Vocabulary in Use. Intermediate. Book with Answers and Enhanced ebook	Business Vocabulary in Use. Intermediate. Book with Answers and Enhanced ebook	43	43
Dive in! Blue	Cracking GMAT Premium 2020 Edition. 6 Practice Tests	7	17
Dive in! Blue	Cracking the GRE Premium Edition with 6 Practice Tests, 2020	77	17
Dive in! Blue	Dive in! Blue	17	17
Dive in! Blue	Dive in! Green	63	17
Dive in! Orange	Dive in! Orange	35	35
Dive in! Orange	Elementary Vocabulary + Grammar. Foe Beginners and Pre-Intermediate Students. Учебное пособие	87	35
English for Everyone. English Vocabulary Builder	English for Beginners: Everyday English	56	6
English Grammar in Use. Book with Answers	English for Everyone. English Idioms	40	87
English Grammar in Use. Book with Answers	English for Everyone. English Vocabulary Builder	6	87
English Grammar in Use. Book with Answers	English Grammar in Use. Book with Answers	92	87
English Grammar in Use. Book without Answers	English Grammar in Use. Book without Answers	89	87
English Grammar in Use. Book without Answers	English Grammar Today Book with Workbook	64	
English Grammar Today Book with Workbook	English Vocabulary in Use. Advanced. Book with Answers	29	
English Vocabulary in Use. Elementary. Book with Answers and Enhanced eBook	English Vocabulary in Use. Elementary. Book with Answers and Enhanced eBook	72	
English Vocabulary in Use. Elementary. Book with Answers and Enhanced eBook	English Vocabulary in Use. Upper-Intermediate. Book with Answers	84	
English Vocabulary in Use. Upper-Intermediate. Book with Answers	Everyday Vocabulary + Grammar. For Intermediate Students. Учебное пособие	39	
English Vocabulary in Use. Upper-Intermediate. Book with Answers	Evolve. Level 1. Student's Book	27	
Exam Booster For Advanced Without Ans Key + Audio	Exam Booster For Advanced Without Ans Key + Audio	45	
Exam Booster For Advanced Without Ans Key + Audio	Eyes Open Level 1 Student's Book	20	
Eyes Open Level 1 Student's Book	Eyes Open. Level 3. Student's Book	3	
Eyes Open Level 1 Student's Book	Eyes Open. Level 3. Workbook with Online Practice	75	
Eyes Open Level 1 Student's Book	Grammar in Use Intermediate Student's Book with Answers Self-study Reference and Practice	91	
Eyes Open Level 1 Student's Book	Grammar in Use. Intermediate. Student's Book with Answers and Interactive eBook	46	
Eyes Open. Level 3. Student's Book	Grammar in Use. Intermediate. Student's Book without Answers	37	
Eyes Open. Level 3. Workbook with Online Practice	Grammarway 1. Book with Answers. Beginner	22	
Eyes Open. Level 3. Workbook with Online Practice	Grammarway 2. Teacher's Book. Elementary	10	
Grammar in Use Intermediate Student's Book with Answers Self-study Reference and Practice	Legal English. Английский язык для юристов. Учебник	33	
Grammar in Use. Intermediate. Student's Book with Answers and Interactive eBook	New Enterprise A2 - Grammar Book (with Digibooks App)	76	
Grammar in Use. Intermediate. Student's Book without Answers	New Enterprise A2 Student's Book with DigiBooks App	58	
Grammar in Use. Intermediate. Student's Book without Answers	New Enterprise A2. Workbook with digibook app	19	
Grammar in Use. Intermediate. Student's Book without Answers	OK English! Все правила английского языка с упражнениями	34	
Grammar in Use. Intermediate. Student's Book without Answers	Pocket English Grammar (Карманная грамматика английского языка). Справочное пособие	26	
New Enterprise A2 - Grammar Book (with Digibooks App)	Prepare. Level 2. A2. Workbook with Audio Download	96	
New Enterprise A2 - Grammar Book (with Digibooks App)	Prepare. Level 2. Student's Book	60	
New Enterprise A2 - Grammar Book (with Digibooks App)	Prepare. Level 3. A2. Student's Book	82	
New Enterprise A2 Student's Book with DigiBooks App	Prepare. Level 4. B1. Student's Book	68	
New Enterprise A2 Student's Book with DigiBooks App	Prepare. Level 5. B1. Student's Book	78	
New Enterprise A2 Student's Book with DigiBooks App	Prism Reading. Intro. Student's Book	12	
New Enterprise A2 Student's Book with DigiBooks App	Professional English for PR Students: People and Society	85	
OK English! Все правила английского языка с упражнениями	Ship or Sheep? An intermediate pronunciation course	74	
Pocket English Grammar (Карманная грамматика английского языка). Справочное пособие	Super Minds. Level 3. Workbook with Online Resources	52	
Pocket English Grammar (Карманная грамматика английского языка). Справочное пособие	Super Minds. Level 4. Workbook with Online Resources	1	
Prepare. Level 2. Student's Book	Super Minds. Workbook 1 with Online Resources	15	
Prepare. Level 3. A2. Student's Book	Super Minds. Workbook 2 with Online Resources	2	
Ship or Sheep? An intermediate pronunciation course	Think. Level 3. B1+. Student's Book	13	
Ship or Sheep? An intermediate pronunciation course	Think. Level 3. B1+. Workbook with Online Practice	66	
Super Minds. Level 4. Workbook with Online Resources	Tree or Three? An elementary pronunciation course	11	
Super Minds. Workbook 1 with Online Resources	Your Space Level 2 Student's Book	61	
Super Minds. Workbook 2 with Online Resources	Your Space. Level 1. Student's Book	100	
Super Minds. Workbook 2 with Online Resources	Английская грамматика в схемах и таблицах	47	
Super Minds. Workbook 2 with Online Resources	Английская грамматика. Просто и понятно: правила, модели, упражнения. Учебное пособие	36	
Your Space Level 2 Student's Book	Английская грамматика. Самое важное. Учебное пособие (мини)	90	
Your Space. Level 1. Student's Book	Английские пословицы и поговорки. Учебное пособие	51	
Английская грамматика. Самое важное. Учебное пособие (мини)	Английский без барьеров. For beginners	25	
Английские пословицы и поговорки. Учебное пособие	Английский без страха для тех, кому за...	9	
Английский без барьеров. For beginners	Английский для малышей и мам @my_english_baby. Как воспитать билингвального ребенка	93	
Английский без барьеров. For beginners	Английский курсив: прописи	54	
Английский для малышей и мам @my_english_baby. Как воспитать билингвального ребенка	Английский на каждый день	5	
Английский для малышей и мам @my_english_baby. Как воспитать билингвального ребенка	Английский с нуля. Учебное пособие	71	
Английский для малышей и мам @my_english_baby. Как воспитать билингвального ребенка	Английский язык для менеджеров. Учебное пособие	79	
Английский курсив: прописи	Английский язык для технических специальностей. Учебное пособие	49	
Английский язык для менеджеров. Учебное пособие	Английский язык за 3 месяца. Быстрый восстановитель знаний	67	
Английский язык за 3 месяца. Быстрый восстановитель знаний	Английский язык на пальцах	95	
Английский язык на пальцах	Английский язык. Времена глаголов	53	
Английский язык на пальцах	Английский язык. Все времена и глаголы в схемах и таблицах	70	
Английский язык. Времена глаголов	Английский язык. Идиомы	86	
Английский язык. Времена глаголов	Английский язык. Идиомы (полезные карточки)	69	
Английский язык. Все времена и глаголы в схемах и таблицах	Английский язык. Популярный иллюстрированный самоучитель	21	
Английский язык. Идиомы	Английский язык. Самые нужные правила	32	
Английский язык. Идиомы (полезные карточки)	Английский язык. Тренажер по чтению	48	
Английский язык. Идиомы (полезные карточки)	Английский язык. Фразовые глаголы	55	
Английский язык. Идиомы (полезные карточки)	Безупречная английская грамматика. Простые правила и увлекательные тесты	44	
Английский язык. Популярный иллюстрированный самоучитель	Безупречный английский. Самоучитель для начинающих	99	
Английский язык. Популярный иллюстрированный самоучитель	Быстрый английский для начинающих	81	
Английский язык. Тренажер по чтению	Быстрый английский. Тренажер по чтению	30	
Английский язык. Тренажер по чтению	Вся английская грамматика в схемах и таблицах	62	
Безупречная английская грамматика. Простые правила и увлекательные тесты	Вся грамматика английского языка в таблицах. Учебное пособие	18	
Безупречный английский. Самоучитель для начинающих	Вся грамматика английского языка. Теория и практика	41	
Вся английская грамматика в схемах и таблицах	Говори как английская королева. The Queen's English and how to use it	16	
Вся грамматика английского языка в таблицах. Учебное пособие	Говорим по-английски	42	
Говори как английская королева. The Queen's English and how to use it	Грамматика английского языка. Просто и доступно. Учебное пособие	98	
Деловой английский язык. (Бакалавриат и магистратура). Учебное пособие	Грамматический профиль. Grammar Profile. Учебное пособие	94	
Интенсивный английский 4 в 1: говорим, читаем, пишем, слушаем	Деловой английский язык. (Бакалавриат и магистратура). Учебное пособие	31	
Интенсивный английский 4 в 1: говорим, читаем, пишем, слушаем	Интенсивный английский 4 в 1: говорим, читаем, пишем, слушаем	50	
Каллиграфия. Английский курсив. Самоучитель	Каллиграфия. Английский курсив. Самоучитель	73	
Каллиграфия. Английский курсив. Самоучитель	Курс английской разговорной речи. Учебное пособие	57	
Курс английской разговорной речи. Учебное пособие	Разговорная грамматика английского языка	65	
Разговорная грамматика английского языка	Разговорный английский в диалогах. Учебное пособие	24	
Разговорная грамматика английского языка	Реальный English. Как подружиться с грамматикой раз и навсег 1	28	
Разговорный английский в диалогах. Учебное пособие	Самый быстрый способ выучить неправильные английские глаголы	88	
Реальный English. Как подружиться с грамматикой раз и навсегда	Современная английская грамматика в таблицах	38	
Современная английская грамматика в таблицах	Тренажер по чтению. Самый быстрый способ выучить английский язык	83	
Тренажер по чтению. Самый быстрый способ выучить английский язык	Учебник английского языка. Полный курс	8	
Учебник английского языка. Часть 1	Учебник английского языка. Часть 1	97	
Учебник английского языка. Часть 1	Учебник английского языка. Часть 2	80	
Учебник английского языка. Часть 2	Учим английский язык с енотами-полиглотами	14	
			
			
