,Дата и время продажи,Товар,Количество
,13.10.2019,English Grammar in Use. Book with Answers,1
,11.3.2019,Ship or Sheep? An intermediate pronunciation course,1
,10.8.2019,Английская грамматика. Самое важное. Учебное пособие (мини),1
,22.5.2019,English Grammar in Use. Book without Answers,1
,09.2.2019,Grammar in Use. Intermediate. Student's Book with Answers and Interactive eBook,2
,13.7.2019,Английский для малышей и мам @my_english_baby. Как воспитать билингвального ребенка,2
,26.5.2019,Eyes Open Level 1 Student's Book,1
,28.3.2019,English Grammar in Use. Book with Answers,1
,22.10.2019,Grammar in Use. Intermediate. Student's Book without Answers,2
,04.3.2019,Super Minds. Level 4. Workbook with Online Resources,2
,17.9.2019,Английские пословицы и поговорки. Учебное пособие,1
,16.4.2019,Реальный English. Как подружиться с грамматикой раз и навсегда,2
,10.5.2019,Разговорный английский в диалогах. Учебное пособие,1
,13.4.2019,Grammar in Use. Intermediate. Student's Book without Answers,2
,31.1.2019,Английский язык. Популярный иллюстрированный самоучитель,1
,29.3.2019,Business Vocabulary in Use. Advanced. Book with Answers,3
,18.8.2019,Exam Booster For Advanced Without Ans Key + Audio,1
,19.5.2019,Безупречная английская грамматика. Простые правила и увлекательные тесты,2
,30.3.2019,Английский курсив: прописи,2
,02.6.2019,Английский язык на пальцах,1
,05.7.2019,Eyes Open Level 1 Student's Book,3
,29.8.2019,Pocket English Grammar (Карманная грамматика английского языка). Справочное пособие,2
,06.3.2019,Современная английская грамматика в таблицах,3
,03.4.2019,Grammar in Use Intermediate Student's Book with Answers Self-study Reference and Practice,3
,21.2.2019,Английский язык. Идиомы (полезные карточки),2
,03.9.2019,New Enterprise A2 - Grammar Book (with Digibooks App),1
,26.9.2019,Английский язык. Все времена и глаголы в схемах и таблицах,2
,21.9.2019,Английский язык. Идиомы (полезные карточки),3
,04.1.2019,Super Minds. Workbook 1 with Online Resources,1
,07.12.2019,Английский язык. Времена глаголов,2
,20.6.2019,New Enterprise A2 Student's Book with DigiBooks App,2
,27.2.2019,Dive in! Orange,1
,02.3.2019,Prepare. Level 3. A2. Student's Book,3
,10.7.2019,Business Vocabulary in Use. Advanced. Book with Answers and Enhanced ebook,1
,01.11.2019,Разговорная грамматика английского языка,3
,26.8.2019,Dive in! Orange,2
,06.8.2019,Каллиграфия. Английский курсив. Самоучитель,3
,23.11.2019,Английский без барьеров. For beginners,2
,15.10.2019,New Enterprise A2 Student's Book with DigiBooks App,1
,02.3.2019,Eyes Open Level 1 Student's Book,3
,10.2.2019,Безупречный английский. Самоучитель для начинающих,3
,29.11.2019,Учебник английского языка. Часть 1,1
,23.7.2019,Dive in! Blue,1
,08.12.2019,Английский без барьеров. For beginners,2
,09.4.2019,Учебник английского языка. Часть 1,1
,22.2.2019,Английский язык. Идиомы,2
,17.8.2019,New Enterprise A2 - Grammar Book (with Digibooks App),2
,11.3.2019,English Grammar in Use. Book with Answers,3
,19.3.2019,Говори как английская королева. The Queen's English and how to use it,1
,17.10.2019,Деловой английский язык. (Бакалавриат и магистратура). Учебное пособие,1
,26.11.2019,English Grammar in Use. Book without Answers,2
,16.2.2019,Вся грамматика английского языка в таблицах. Учебное пособие,3
,31.12.2019,Eyes Open Level 1 Student's Book,3
,19.11.2019,Super Minds. Workbook 2 with Online Resources,1
,13.9.2019,Английский язык. Тренажер по чтению,1
,14.12.2019,English Vocabulary in Use. Elementary. Book with Answers and Enhanced eBook,2
,20.5.2019,New Enterprise A2 Student's Book with DigiBooks App,1
,26.3.2019,Your Space. Level 1. Student's Book,2
,14.9.2019,Курс английской разговорной речи. Учебное пособие,2
,06.9.2019,Eyes Open. Level 3. Workbook with Online Practice,1
,09.5.2019,Your Space Level 2 Student's Book,3
,06.3.2019,Английский для малышей и мам @my_english_baby. Как воспитать билингвального ребенка,2
,29.3.2019,Dive in! Blue,1
,25.7.2019,Business Vocabulary in Use. Intermediate. Book with Answers and Enhanced ebook,2
,13.10.2019,Eyes Open. Level 3. Student's Book,3
,06.1.2019,Eyes Open. Level 3. Workbook with Online Practice,3
,10.4.2019,Super Minds. Workbook 2 with Online Resources,1
,13.5.2019,Тренажер по чтению. Самый быстрый способ выучить английский язык,1
,25.7.2019,Каллиграфия. Английский курсив. Самоучитель,1
,18.3.2019,New Enterprise A2 Student's Book with DigiBooks App,2
,05.1.2019,Английский язык. Популярный иллюстрированный самоучитель,3
,25.3.2019,Dive in! Blue,2
,13.8.2019,English for Everyone. English Vocabulary Builder,3
,25.3.2019,Вся английская грамматика в схемах и таблицах,2
,18.2.2019,Exam Booster For Advanced Without Ans Key + Audio,2
,28.2.2019,Английский язык. Тренажер по чтению,3
,28.6.2019,Разговорная грамматика английского языка,1
,04.11.2019,Business Vocabulary in Use. Advanced. Book with Answers,3
,09.11.2019,Английский язык для менеджеров. Учебное пособие,2
,17.5.2019,Английский язык. Времена глаголов,2
,29.5.2019,Ship or Sheep? An intermediate pronunciation course,2
,11.4.2019,Pocket English Grammar (Карманная грамматика английского языка). Справочное пособие,1
,15.4.2019,Английский язык. Идиомы (полезные карточки),1
,04.12.2019,English Vocabulary in Use. Upper-Intermediate. Book with Answers,1
,04.2.2019,Prepare. Level 2. Student's Book,2
,07.3.2019,Super Minds. Workbook 2 with Online Resources,3
,04.3.2019,Английский язык за 3 месяца. Быстрый восстановитель знаний,1
,01.10.2019,Dive in! Blue,1
,23.5.2019,English Vocabulary in Use. Elementary. Book with Answers and Enhanced eBook,1
,10.6.2019,Английский язык на пальцах,1
,24.4.2019,"Интенсивный английский 4 в 1: говорим, читаем, пишем, слушаем",2
,09.3.2019,Учебник английского языка. Часть 2,2
,09.6.2019,Английский для малышей и мам @my_english_baby. Как воспитать билингвального ребенка,1
,09.10.2019,Grammar in Use. Intermediate. Student's Book without Answers,3
,29.7.2019,English Vocabulary in Use. Upper-Intermediate. Book with Answers,3
,16.12.2019,OK English! Все правила английского языка с упражнениями,2
,28.8.2019,"Интенсивный английский 4 в 1: говорим, читаем, пишем, слушаем",2
,01.6.2019,English Grammar Today Book with Workbook,2
,04.2.2019,Grammar in Use. Intermediate. Student's Book without Answers,1
,13.10.2019,New Enterprise A2 - Grammar Book (with Digibooks App),1
